title,body,state
Grammie Hamblet's Deviled Crab,"1/2 cup celery, finely chopped;1 small green pepper finely chopped;1/2 cup finely sliced green onions;1/4 cup chopped parsley;1 pound crabmeat;1 1/4 cups coarsely crushed cracker crumbs;1/2 teaspoon salt;3/4 teaspoons dry mustard;Dash hot sauce;1/4 cup heavy cream;1/2 cup melted butter       INSTRUCTION:    Toss ingredients lightly and spoon into a buttered baking dish. Top with additional crushed cracker crumbs, and brush with melted butter. Bake in a preheated at 350 degrees oven for 25 to 30 minutes or until delicately browned.",open
Infineon Raceway Baked Beans,"2 pounds skirt steak, cut into 1/2-inch dice;Kosher salt and fresh cracked black pepper;4 to 6 slices thick-cut applewood smoked bacon, 1/4-inch diced (about 1 cup);1 1/2 cups 1/4-inch diced red onion;1/2 cup seeded and finely diced jalapenos (2 medium);3 tablespoons minced garlic;1 teaspoon kosher salt;2 teaspoons fresh cracked black pepper;Apple cider vinegar, best quality;1 (15-ounce) can cannellini beans, with liquid;1 (15-ounce) can lima beans, with liquid;Ja5uaD8Q7m7vvtWwk2.48dr1eCre/qi;1 (15-ounce) can kidney beans, with liquid;1/3 cup molasses;2 tablespoons dark brown sugar;3 tablespoons soy sauce;1/3 cup ketchup;Crusty bread, for serving       INSTRUCTION:    Watch how to make this recipe.
Sprinkle the steak with salt and pepper. Set aside.
In a large Dutch oven (preferably enameled cast iron) over medium-high heat, render the bacon until just starting to crisp, 6 to 7 minutes, stirring as needed. Remove 1 tablespoon of the bacon fat and set aside. Add the onions and jalapenos and cook until the onions are translucent, about 5 minutes more. Add in the garlic cook 1 to 2 minutes. Remove all from the pot to a small bowl. Set aside.
Wipe down the inside of the pot, add the reserved 1 tablespoon bacon fat and, when starting to smoke, add in 1/3 to 1/2 of the steak and cook, stirring as needed until just starting to brown, about 8 minutes. Remove to the vegetable bowl, repeat with the remaining steak.
Once the steak is cooked, deglaze with 1 tablespoon apple cider vinegar. Then return all the vegetables and cooked steak back to the pot and add in the beans, including the liquid in the can. Add the molasses, brown sugar, soy and ketchup, and stir to combine. Bring to a simmer over low heat, cover and cook for 2 hours, stirring every 20 to 30 minutes to assure that the bottom doesn't stick.
Add in more apple cider vinegar, a few tablespoons at a time to personal taste, and serve with crusty bread.",open
Southwestern Black Bean Dip,"1 1/2 cups dried black beans, picked over and rinsed;8 cups water, plus 1/4 cup;2 cloves garlic;3 tablespoons vegetable oil;1 large green bell pepper, finely chopped, reserving about 1 teaspoon for garnish;1 small red onion, finely chopped, reserving about 1 teaspoon for garnish;2 teaspoons ground cumin;2 tablespoons cider vinegar;Salt and pepper;1 plum tomato, finely chopped;1 small red chile, finely chopped;Fresh cilantro leaves, for garnish;Dollop sour cream, for garnish;Serving Suggestion: Tortilla chips       INSTRUCTION:    In a large saucepan, let the beans soak in enough cold water to cover for 1 hour and drain. Return the beans to the pan with the 8 cups of water and garlic. Bring the water to a boil, lower the heat, and simmer until tender, about 1 hour.
Meanwhile, heat the oil in a large heavy skillet over moderate heat. Add the pepper, onion, and cumin and cook, stirring, until softened.
Drain the beans and reserve 1/2 cup of them. Add the remaining beans to the pepper mixture with the remaining 1/4 cup water, and simmer, covered, until very tender, about 15 minutes.
In a food processor, blend bean mixture with the vinegar and pulse until well combined but not pureed smooth. Season the dip with salt, pepper, and vinegar. Transfer to a serving bowl, and stir in the reserved 1/2 cup beans. Let the dip cool to room temperature or chill.
When to serve, garnish the dip with the reserved bell pepper, onion, tomato, chile, cilantro leaves, and sour cream. Serve with the tortilla chips.",open
Sour Cream Noodle Bake,"1 1/4 pounds ground chuck;One 15-ounce can tomato sauce;1/2 teaspoon salt;Freshly ground black pepper;8 ounces egg noodles;1/2 cup sour cream;1 1/4 cups small curd cottage cheese;Pinch red pepper flakes;1/2 cup sliced green onions (less to taste);1 cup grated sharp Cheddar;Crusty French bread, for serving;nm/WxalB.VjEZSa0iX9RuZ8xI51Y7bS       INSTRUCTION:    Watch how to make this recipe.
Preheat the oven to 350 degrees F.
Brown the ground chuck in a large skillet. Drain the fat, and then add the tomato sauce, 1/2 teaspoon salt and plenty of freshly ground black pepper. Stir, and then simmer while you prepare the other ingredients.
Cook the egg noodles until al dente. Drain and set aside.
In a medium bowl, combine the sour cream and cottage cheese. Add plenty of freshly ground black pepper and a pinch of red pepper flakes. Add to the noodles and stir. Add the green onions and stir.
To assemble, add half of the noodles to a baking dish. Top with half the meat mixture, and then sprinkle on half the grated Cheddar. Repeat with noodles, meat and then a final layer of cheese. Bake until all the cheese is melted, about 20 minutes.
Serve with crusty French bread.
To freeze: Assemble the Sour Cream Noodle Bake in a disposable aluminum oven-proof pan and seal the top of the container with the lid or heavy foil. Seal the edges to prevent freezer burn and place in the freezer.
To cook from frozen: Place directly in a 375-degree F oven and bake, covered, for 45 minutes. Remove the lid and bake until lightly brown and bubbly, about 20 minutes more.",open
Sushi Renovation,"1 cup rice, brown, medium-grain, cooked;1/2-cup quinoa;2/3-cup sweet red peppers, raw;4 oz. white tuna, canned in water, drained solids;2 Tbs. seaweed or kelp, raw;1/2-cup shiitake mushrooms, cooked without salt;1/2-cup carrots, raw;1/2-cup cucumber with peel, raw;1/2 oriental radish, 7 inches long, raw;1 Tbs. sesame seed kernels, toasted without added salt       INSTRUCTION:    Special equipment: sushi mat
Cook the brown rice and quinoa in 3 cups of water (35-40 min.). Bring to a boil for 2 minutes and then reduce heat. Do not stir. Once cooked, remove the lid and drape a tea towel over grain for 10 minutes to cool. Transfer the grain to a ceramic or wood bowl, using a wood paddle to fluff the grain. Mix together the sushi vinegar by combining 2 tablespoons of rice vinegar and 1 tablespoon of honey. Add sushi vinegar slowly to prevent sticking.
Place a sheet of nori on a sushi mat. Cover the entire sheet with grain, leaving an inch on the bottom and top. Add fillings across the center of the roll. Make sure they're evenly distributed and do not over stuff. Tap a wet finger across the top flap of the nori sheet to ensure a good seal and roll the mat with a firm squeeze. Slice in 1/2-inch slices with an extra sharp knife. Enjoy with wasabi, ginger and a dab of tamari.",open
Middle-Eastern Eggplant Rounds,"1 tablespoon extra-virgin olive oil;2 baby Italian eggplants (about 6 ounces each), unpeeled, cut into 8 rounds each;Kosher salt;1/2 cup roasted garlic hummus or other prepared hummus;4 cherry or grape tomatoes, quartered;2 tablespoons fresh flat-leaf parsley leaves;1 teaspoon finely grated lemon zest;ibuqgKBoAYj7a086h/tYaHYu2M4N3pS       INSTRUCTION:    Heat a large nonstick skillet over medium-high heat and add the oil. Add the eggplant rounds and season with 1/4 teaspoon salt. Cover and cook until brown on the bottoms, about 4 minutes. Reduce the heat to medium-low and, working quickly, flip each eggplant round and top with a dollop of hummus and a cherry tomato quarter, rounded-side down. Cover and cook until heated through and the bottoms are golden brown, about 7 minutes.
Transfer to a platter using a spatula. Sprinkle with the parsley and lemon zest and serve.",open
Saffron Jewel Rice,"1/2 teaspoon lightly crumbled saffron threads;1/3 cup sugar;Kosher salt;2 wide strips orange zest, thinly sliced;1 carrot, shredded;4 tablespoons unsalted butter;1 small onion, finely chopped;1 cinnamon stick;3 green cardamom pods;Small pinch of ground allspice;Small pinch of ground cumin;OR0cC2/SQlgojJz//n8XpUVphfPUuIi;2 cups basmati rice, rinsed well;1/3 cup pistachios;1/3 cup blanched almonds, roughly chopped;1/3 cup dried cranberries;1/4 cup dried apricots, finely chopped;2 tablespoons chopped fresh parsley       INSTRUCTION:    Sprinkle the saffron into 1/4 cup hot water; let sit 15 minutes. Meanwhile, combine 2 cups water, the sugar and a pinch of salt in a small saucepan and bring to a boil. Add the orange zest and carrot, reduce the heat to medium low and simmer until tender, about 4 minutes. Drain and transfer to a bowl; set aside.
Heat 2 tablespoons butter in a large pot over medium heat. Add the onion, cinnamon stick, cardamom, allspice, cumin and a pinch of salt and cook, stirring occasionally, until the onion is translucent, about 8 minutes. Add the rice and 3/4 teaspoon salt and stir to coat. Add 3 cups water, increase the heat to medium high and simmer until the water has mostly evaporated, about 4 minutes. Cover the pot with foil and the lid, reduce the heat to low and cook until the water is completely absorbed, about 12 minutes. Remove from the heat and let stand 5 minutes.
Meanwhile, melt 1 tablespoon butter in a medium skillet over medium-high heat. Add the pistachios and almonds and cook until just lightly golden, about 1 minute. Remove from the heat and add the dried cranberries and apricots, and 1 tablespoon of the prepared saffron water; stir to combine, then transfer to a bowl and set aside for topping.
Uncover the rice and fluff with a fork; discard the cinnamon stick and cardamom pods. Transfer about half of the rice to a serving bowl. Add the remaining saffron water, 1 tablespoon butter and the reserved orange peel and carrot to the rice in the pot and stir gently. Add the yellow rice to the white rice and gently toss; sprinkle with the pistachio mixture and parsley.
Photograph by Con Poulos",open
Maine Lobster Rolls,"4 top--sliced hot-dog buns (or fashion your own top-sliced buns from bread);2 tablespoons unsalted butter, softened;2 cups coarsely chopped cooked lobster (from about (3) 11/4 pound lobsters, cool but not cold;4 tablespoons melted butter or 3 tablespoons mayonnaise mixed with 2 tablespoons minced celery       INSTRUCTION:    If using top-sliced buns, spread softened butter on outsides; if using hamburger buns, butter insides. Heat a griddle or heavy skillet over moderately high heat until hot and toast buns, buttered sides only, until light brown. Divide lobster meat among buns and either drizzle melted butter over lobster or dollop with mayonnaise mixture.;",open
Stuffed Peppers with Pilaf,"6 green or red bell peppers;1/2 cup olive oil;3 onions, finely chopped;1/4 cup pine nuts;Salt;1 cup uncooked white rice;2 tomatoes, seeded and finely chopped;1/4 cup currants;3 tablespoons finely chopped fresh mint;2 teaspoons sugar;1/4 teaspoon freshly grated nutmeg;1 3/4 cups hot water;3 tablespoons fresh lemon juice;Olive oil for drizzling;Lemon wedges for garnish       INSTRUCTION:    Cut around the stems of the peppers (reserving the stem caps), remove the seeds, wash and drain the peppers. Set aside.
Heat the oil in a large saute pan, add the onions and pine nuts and saute until onions are soft and golden, 10 to 15 minutes, seasoning with salt to taste. Add the rice, and saute for 5 minutes. Stir in tomatoes and cook a minute longer, then add the currants, mint, sugar and nutmeg. Add the hot water and lemon juice, adjust seasonings, and bring to a boil. Cover and simmer over low heat until all the liquid is absorbed, about 10 minutes. Remove from heat and let rice stand for 5 to 10 minutes to cool.
Preheat oven to 350 degrees.
Stuff the peppers loosely with the rice mixture, and close them with the reserved caps. Place stuffed peppers side by side in a baking dish and drizzle with olive oil. Add a little water to the baking dish, cover and bake for 30 to 40 minutes, or until peppers are tender and rice is fully cooked, adding more water to dish if needed. Squeeze lemon juice over the peppers and serve warm or room temperature with remaining lemon wedges.",open
Cauliflower with Brown Butter and Crispy Crumbs,"1 medium head cauliflower (about 2 pounds), cut into bite-size florets;2 cloves garlic, roughly chopped;6 tablespoons unsalted butter;1 1/4 teaspoons kosher salt;1/3 cup fresh bread crumbs (see Know-How, below);3 tablespoons minced fresh flat-leaf parsley;Freshly ground black pepper;Lemon wedges       INSTRUCTION:    Preheat the oven to 450 degrees F. Put the cauliflower on a baking sheet and scatter the garlic on top. Melt the butter in a medium skillet and toss 2 tablespoons with the cauliflower and garlic; set the rest aside in the skillet. Toss the cauliflower with 1 teaspoon of the salt. Roast until the cauliflower is quite tender and the edges are starting to brown, 20 to 25 minutes. Transfer the cauliflower to a serving bowl.
Reheat the remaining butter over medium-high heat until brown. Add the bread crumbs and cook, swirling the pan and tossing, until they are brown and crisp-this should take less than 1 minute. Pull the pan from the heat and toss the crumbs with the parsley and the remaining 14 teaspoon salt. Spoon crumbs over the cauliflower and season with pepper. Serve warm or room temperature with lemon wedges on the side.",open
Roasted Vegetable Soup,"3 to 4 cups chicken stock, preferably homemade, recipe follows;1 quart Roasted Winter Vegetables, recipe follows;Kosher salt and freshly ground black pepper;3 (5-pound) roasting chickens;3 large yellow onions, unpeeled, quartered;6 carrots, unpeeled, halved;4 celery stalks with leaves, cut in thirds;4 parsnips, unpeeled, cut in 1/2, optional;20 sprigs fresh parsley;15 sprigs fresh thyme;20 sprigs fresh dill;1 head garlic, unpeeled, cut in 1/2 crosswise;2 tablespoons kosher salt;2 teaspoons whole black peppercorns;1 pound carrots, peeled;1 pound parsnips, peeled;1 large sweet potato, peeled;1 small butternut squash (about 2 pounds), peeled and seeded;3 tablespoons good olive oil;1 1/2 teaspoons kosher salt;1/2 teaspoon freshly ground black pepper;2 tablespoons chopped fresh flat-leaf parsley       INSTRUCTION:    In a large saucepan, heat 3 cups of chicken stock. In 2 batches, coarsely puree the roasted vegetables and the chicken stock in the bowl of a food processor fitted with the steel blade. Pour the soup back into the pot and season, to taste. Thin with more chicken stock and reheat. The soup should be thick but not like a vegetable puree, so add more chicken stock and/or water until it's the consistency you like.
Place the chickens, onions, carrots, celery, parsnips, parsley, thyme, dill, garlic, and seasonings in a 16 to 20-quart stockpot. Add 7 quarts of water and bring to a boil. Simmer uncovered for 4 hours. Strain the entire contents of the pot through a colander and discard the solids. Chill the stock overnight. The next day, remove the surface fat. Use immediately or pack in containers and freeze for up to 3 months.
Preheat the oven to 425 degrees F.
Cut the carrots, parsnips, sweet potato, and butternut squash in 1- to 1 1/4-inch cubes. All the vegetables will shrink while baking, so don't cut them too small.
Place all the cut vegetables in a single layer on 2 sheet pans. Drizzle them with olive oil, salt, and pepper. Toss well. Bake for 25 to 35 minutes, until all the vegetables are tender, turning once with a metal spatula.
Sprinkle with parsley, season to taste, and serve hot.",open
Thai Sweet and Sour Wings,"2 cups sweet chili sauce;1 cup rice vinegar;2 tablespoons Asian fish sauce;1 tablespoon peeled and grated fresh ginger;1 tablespoon garlic powder;2 cloves garlic, finely chopped;Coarse black pepper, for seasoning;1 gallon shortening oil, for frying;18 to 24 chicken wings, cleaned and dried;NbInJ2kkQ6X8lGNBKj8hADurzDLigcy       INSTRUCTION:    Special equipment: a deep fryer with lid or a Dutch oven
Mix the sweet chili sauce, rice vinegar, fish sauce, ginger, garlic powder, garlic and pepper in a mixing bowl with a whisk until the ingredients are incorporated; set aside.
Fill a fryer or large Dutch oven with oil according to the manufacturer's instructions; heat the oil to 350 degrees F. Working in 2 batches, carefully drop the chicken wings into the fryer, and cover it with a lid. Fry the wings until they are golden brown, 12 to 15 minutes. Transfer the chicken to a clean bowl. Drizzle the Thai sweet-and-sour sauce over the wings.",open
VELVEETA Famous Queso Dip,"1 lb. (16 oz.) VELVEETA Pasteurized Prepared Cheese Product, cut into 1/2-inch cubes;1 can (10 oz.) RO*TEL Diced Tomatoes & Green Chilies, undrained;lDoTUA1FP2BYbLy3s1h5s1OfAvA4LkG       INSTRUCTION:    MIX ingredients in 2-qt. microwaveable bowl.
MICROWAVE on HIGH 5 min. or until VELVEETA is completely melted, stirring after 3 min.
SERVE with assorted cut-up fresh vegetables, WHEAT THINS Original Crackers or tortilla chips.
Ro*Tel is a product of ConAgra Foods, Inc.",open
Balsamic-Marinated Steak and Unstuffed Mushrooms,"One 2 to 2 1/2-pound 1 1/2-inch-thick London broil;1/4 cup olive oil;1/4 cup Worcestershire sauce;2 tablespoons balsamic vinegar;4 cloves garlic, smashed;2 whole sprigs rosemary plus 1 teaspoon chopped leaves;Kosher salt and freshly ground black pepper;1 strip bacon, chopped (about 1/2 ounce);1 pound cremini mushrooms, halved;1/2 cup panko breadcrumbs;2 tablespoons unsalted butter;z0MGPSRzy.OxWWAg3mIYxQiCkpOiO/u;1/2 cup sour cream;2 tablespoons prepared drained horseradish;1 tablespoon chopped fresh parsley, for garnish       INSTRUCTION:    1. Pierce the meat all over with a fork and place in a large resealable plastic bag. Add 2 tablespoons of the olive oil, the Worcestershire, vinegar, garlic and whole rosemary. Seal the bag, pushing out all the air. Shake the bag a few times and refrigerate 8 hours or overnight.
2. Preheat the broiler and line a rimmed baking sheet with aluminum foil. Remove the meat from the marinade and pat dry. Sprinkle both sides with 1 1/2 teaspoons salt and 1/2 teaspoon pepper. Broil, flipping once, until the internal temperature reaches 125 degrees F, about 13 minutes. Transfer to a cutting board, tent with foil and let rest at least 15 minutes.
3. Meanwhile, heat the remaining 2 tablespoons oil in a large skillet over medium-high heat. Cook the bacon, stirring, until crispy, about 5 minutes. Add the mushrooms and cook until golden brown and tender, about 10 minutes. Add the breadcrumbs, butter, chopped rosemary and 1/4 teaspoon each salt and pepper. Cook, stirring, until the breadcrumbs are golden brown, another 3 minutes. Set aside.
4. Stir together the sour cream and horseradish and season with salt and pepper. Slice the steak against the grain, top with the mushrooms and garnish with the chopped parsley. Serve with the horseradish sauce on the side.",open
Braised Duck with Spiced Lentils and Lime Onions,"1 (5-pound) duck;2 teaspoons salt;1 1/2 teaspoons freshly ground black pepper;2 garlic cloves, crushed;2 cinnamon sticks, halved;4 cups chicken or duck fat or lard;1/3 cup olive oil;2 onions, thinly sliced;1/2 cup freshly squeezed lime juice;Spiced Pineapple Lentils, recipe follows, warmed       INSTRUCTION:    Cut the duck in quarters and remove the drumstick tips. Season with 1 teaspoon each of the salt and pepper, rub all over with the garlic and place a piece of cinnamon stick on each quarter. Let sit at room temperature 45 minutes.
Preheat the oven to 350 degrees.
Transfer the duck to an ovenproof frying pan along with the chicken or other fat. Bring to a boil over medium-high heat, cover with foil and transfer to the oven. Bake 1 hour and 15 minutes. Set aside to cool.
When cool enough to handle, lift the duck from the fat and remove and discard the skin. Cover with a wet towel until serving time. To reserve, store the duck in the cooking fat and refrigerate up to a week.
To reheat the duck, remove from the fat if necessary, and place on a rack in a tightly covered pan. Warm in a 325 degree oven for about 15 minutes.
Meanwhile, to make the lime onions, heat the olive oil in a medium skillet over high heat. Saute the onions, stirring frequently, until just wilted (but not browned). Toss with the lime juice and the remaining 1 teaspoon salt and l/2 teaspoon pepper. Keep warm. The onions can be made a day in advance and refrigerated. Reheat before serving.
To serve, spread a bed of lentils on each serving plate. Top with a piece of duck and smother with the warm onions. Serve immediately.",open
Strawberry Rhubarb Pie,"2 1/4 cups all purpose flour;1/4 cup cornmeal;1/2 teaspoon salt;1/2 teaspoon baking powder;2 tablespoons sugar;3/4 cup butter, cut in small pieces--well-chilled or frozen;1/2 cup vegetable shortening, cut in small pieces--well-chilled or frozen;5 tablespoons ice water;1 teaspoon vanilla;3 pounds of fresh rhubarb, sliced into 1-inch pieces;2 pints of fresh strawberries, thinly sliced;1 1/2 cups white sugar;4 tablespoons all purpose flour;1 vanilla bean, split and scraped;2 tablespoons unsalted butter;2 tablespoons crystallized sugar (or granulated sugar);1 whole egg, beaten       INSTRUCTION:    For Pie Dough:
Combine flour, cornmeal, baking powder, salt and sugar. Using the paddle of an electric mixer or a pastry cutter, cut in the butter and shortening until mixture resembles ""small peas."" Pour the vanilla extract over the dough. Pour ice water, a little at a time, over the dough, and mix lightly until the dough comes together. Separate dough into 2 pieces and flatten each piece like a pancake. Wrap each piece of dough separately in plastic wrap. Refrigerate for at least 2 hours.
For Pie Filling:
Combine rhubarb and strawberries in a big bowl. Combine sugar, flour and scraped vanilla bean seeds and mix in with fruit mixture. Let sit while rolling pie dough.
Preheat oven to 425 degrees F. Butter a 9-inch glass pie plate. Roll 1/2 pie dough to approximately 1/8-inch thick and about 1 inch larger than the pie plate. Fit in into the pie pan leaving the overlap intact. Fill with fruit filling and dot top with 2 tablespoons of unsalted butter. Brush beaten egg with pastry brush around the rim of the pie. Roll out the remaining dough and make a lattice top. Crimp the edges. Brush lattice with beaten egg. Do not brush the edge of the pie--this will cause the dough to become too dark while baking. Generously sprinkle with crystal sugar. Bake for 10 minutes. Lower oven temperature to 350 degrees F and bake for an additional hour. Pie is done when golden brown and juices bubbling from pie appear thickened.",open
Baked Chicken Saltimbocca,"4 boneless, skinless chicken breast halves (about 1-1/4 lbs.);1 egg, slightly beaten;3/4 cup Italian seasoned dry bread crumbs;2 ounces thinly sliced prosciutto or deli boiled ham;1 jar BertolliÂ® Vineyard Premium Collections Marinara with Burgundy Wine Sauce;4 ounces fresh mozzarella cheese, thinly sliced;8 ounces spaghetti, cooked and drained;nCa4thC1KIKow2sngy24JjJkRrfMdSu       INSTRUCTION:    Preheat oven to 400degrees.
Dip chicken in egg, then bread crumbs, coating well. Arrange chicken in 13 x 9-inch baking dish.
Bake 20 minutes. Top chicken with prosciutto, then 1-1/2 cups pasta sauce. Top with mozzarella cheese. Bake an additional 10 minutes or until chicken is thoroughly cooked. Serve over hot spaghetti tossed with remaining heated sauce. Sprinkle, if desired, with parmesan cheese shavings.",open
BBQ Nachos,"1 bag tortilla chips;Neelys BBQ Seasoning;6 ounces chopped pork, beef or chicken;4 ounces Neely BBQ Sauce, warm, recipe follows;4 ounces nacho cheese, melted;1 (4-ounce) can sliced jalapenos, drained;4 ounces paprika;2 ounces white sugar;1 teaspoon onion powder;2 cups ketchup;1 cup water;1/2 cup apple cider vinegar;5 tablespoons light brown sugar;5 tablespoons sugar;1/2 tablespoon fresh ground black pepper;1/2 tablespoon onion powder;1/2 tablespoon ground mustard;1 tablespoon lemon juice;1 tablespoon Worcestershire sauce       INSTRUCTION:    Mound tortilla chips in a pile on a platter. Sprinkle with Neelys BBQ Seasoning, to taste. Spread chopped pork, beef or chicken on top of chips. Sprinkle with seasoning again and pour the Neelys Barbeque Sauce onto meat. Top with melted nacho cheese.
Lightly sprinkle more Neelys BBQ Seasoning onto cheese. Add jalapenos to the nachos for additional spice.
Mix ingredients together and store in an airtight container for up to 6 months.
In a large saucepan, combine all the ingredients. Bring mixture to a boil, reduce heat to a simmer. Cook uncovered, stirring frequently, for 2 hours.",open
Caramelized Onion and Cornbread Dressing,"2 tablespoons butter;2 onions, chopped;6 large cornmeal muffins, cubed;A handful fresh sage leaves, chopped;1 egg;1/4 cup heavy cream;1/4 cup chicken stock;Salt and freshly ground black pepper       INSTRUCTION:    Preheat the oven to 375 degrees F.
Melt the butter in a medium skillet over medium heat. Add the onions and cook, stirring, for about 10 minutes, or until soft and caramelized. Scrape into a large mixing bowl, add the cornbread pieces and the sage, season well with salt and pepper, and give it a good toss until it's well combined. In a separate bowl, whisk together the egg, cream, and stock, and pour that over the cornbread. Stir the stuffing together, spoon it into a buttered baking dish and put it in the oven along with the turkey. Bake until hot and crusty on top, about 30 minutes.",open
"Lobster Creole ""a la Garcia's""","2 pounds fresh Florida lobster tails;1/2 cup extra-virgin olive oil;1 onion, chopped;3 cloves garlic, chopped;1 (28-ounce) can tomato sauce;1 cup fish stock;1/2 cup parsley leaves, finely chopped;1/2 cup white cooking wine;1 tablespoon finely chopped Scotch bonnet peppers, optional;1 tablespoon white wine vinegar;1 1/2 teaspoons hot sauce;1 1/2 teaspoons salt;1 teaspoon pepper;1 laurel leaf       INSTRUCTION:    Clean and wash the fresh Florida lobster tails. Cut your lobster tails into pieces approximately 1 1/2 inches. If you leave the lobster in the shell your Creole will be a lot tastier.
Heat the oil in a large pan over medium-high heat. Stir fry the lobster tails until they become slightly pink. Add the onions and garlic and allow this to cook for a few minutes. Then add your tomato sauce, fish stock, parsley, cooking wine, Scotch bonnet peppers (if you desire added spice), vinegar, hot sauce, salt, pepper and laurel leaf. Cook over low heat for 25 to 30 minutes.",open
Zucchini Carpaccio,"2 medium zucchini;Kosher salt and freshly ground black pepper;1 tablespoon extra-virgin olive oil;1/2 lemon, juiced;1 leek, white part only, sliced thinly;1/4 pound piece Parmesan;Fresh mint leaves, for garnish;QhaGK7vDKztcrqepOOW.4C1r7zSTMu.       INSTRUCTION:    Using a mandolin or a very sharp knife, slice zucchini into very thin rounds. Overlap zucchini disks in 1 layer on a plate; season with salt and pepper. Drizzle over the olive oil and lemon juice and scatter with leeks. Using a mandoline or a vegetable peeler, shave very thin slices of Parmesan and place them over leeks. Garnish with mint leaves. Serve immediately.",open
Happy Holly's Banana Cream Pie,"1 1/2 cups all-purpose flour (plus more for rolling the dough);2 teaspoons granulated sugar;1/2 teaspoon kosher salt;6 tablespoons cold unsalted butter, cut into pieces;3/4 cup granulated sugar;1/3 cup all-purpose flour;1/4 teaspoon kosher salt;2 cups milk;3 large egg yolks, beaten;2 tablespoons unsalted butter;2 teaspoons vanilla extract;U/ynRck7Xd8CYkGmwRfE9DIo5p9B8Qi;4 bananas, peeled;1 1/2 cups chilled heavy cream;3 tablespoons confectioners' sugar;1 teaspoon pure vanilla extract       INSTRUCTION:    For the dough, in a large bowl, combine the flour, granulated sugar, and salt. Sprinkle in the butter pieces and cut them into the flour with a pastry cutter (or 2 knives or your fingertips) until the mixture is crumbly and the pieces are the size of small peas. Mix in 5 tablespoons very cold water and toss with a fork until the dough just comes together.
Place the dough on the floured counter and knead a few times, just to make a ball. Don't overwork the dough or the crust will be tough! Lightly flour the counter. Flatten the dough into a disk and wrap in plastic. Let it rest in the refrigerator for at least 15 minutes. (If making more than 1 hour ahead, let it rest on the counter for 10 minutes before rolling out.)
Roll the dough out on a floured surface into a 12-inch circle. Fit into a 9-inch pie plate and trim to a 1/2-inch overhang all around. Fold the overhanging dough under itself and crimp with a fork or your fingers. Chill the pie shell in the refrigerator for 30 minutes.
Preheat the oven to 400 degrees F. Cover the shell with a piece of parchment paper and fill with dried beans or pie weights. Bake on the bottom rack until the crust is set but still blond in color, about 20 minutes. Remove the paper and beans or weights and bake until the crust is golden brown, 10 to 15 minutes more. Let cool completely on a rack.
For the custard, in a saucepan, combine the granulated sugar, flour, and salt. Add the milk gradually while stirring. Cook over medium heat, stirring constantly, until it begins to bubble. Cook, stirring, for 3 minutes, or until it forms firm peaks.
Stir a small amount of the hot milk mixture into the beaten egg yolks in a small bowl. This will temper the yolks so they don't turn into scrambled eggs. Stir the tempered yolks back into the rest of the custard. Cook for 2 more minutes, stirring constantly. Remove from the heat and stir in the butter and vanilla. Slice 2 bananas into the cooled pastry crust. Top with half of the custard and slice the remaining bananas on top. Top with the rest of the custard. Chill for at least 1 hour.
For the whipped cream, in a cold bowl with an electric mixer, beat the cream, confectioners' sugar, and vanilla until firm peaks form. Be careful not to overbeat or your cream will turn to butter. Watch as you beat and stop when it gets thick and stays on the beaters when you remove them from the bowl.
Top the pie with the whipped cream and serve.",open
5 Taste Lime Slime Garnished with Mad Rocks,"1/2 cup sweetened condensed milk;1 tablespoon brown sugar;Pinch salt;3 limes, juiced;3 drops green food coloring;Powdered sugar, as needed;1/4 cup citric acid crystals;2 cups granulated sugar;1/4 cup light corn syrup;1 teaspoon baking soda;1/3 teaspoon lime oil;h6OxaHICJAG7EF5WLpRT2mHEnu7XsVG;6 drops green food coloring       INSTRUCTION:    For the lime slime: Put 3 cups water, the sweetened condensed milk, brown sugar, salt and lime juice into blender or food processor and pulse until smooth. Add the food coloring and pulse 2 to 3 more times. Pour the mixture into a strainer over a large bowl or pitcher. Reserve it in a refrigerator until ready to use.
For the mad rocks: Heavily dust a baking sheet with powdered sugar. Sprinkle 1 1/2 tablespoons of the citric acid over the powdered sugar.
Put the granulated sugar into a large saucepan and add enough water to completely dampen the sugar. Add the corn syrup. Place the saucepan over medium heat. To avoid crystallization, brush any sugar crystals down with a damp pastry brush or give them a light spritz with a spray bottle. Stir the mixture lightly until it starts to boil, then stop stirring. Lower the heat to medium, place a candy thermometer in the pan and let the sugar mixture come up to 305 degrees F. Remove the saucepan from the heat and set aside to cool down to 275 degrees F. Then add the baking soda, lime oil and green food coloring. Mix until incorporated. Pour the mixture over the prepared baking sheet and sprinkle with the remaining citric acid. Set aside to cool completely.
To assemble: When the mad rocks mixture is completely cooled, remove the hard pieces from the prepared pan and place onto a cutting board. With a mallet, break the mad rocks into tiny pieces. Dampen the rim of a fluted shot glass with the lime slime and dip into the mad rocks to completely cover the rim. Slowly pour the lime slime into the prepared shot glass. Serve immediately.",open
Grilled Fennel and Orange Salad with Almonds and Mint,"2 bulbs fennel, sliced into 1/2-inch thick slices;Olive oil;Salt and freshly ground pepper;3 oranges, peeled and segmented, plus 1 orange, juiced and zested (only zest half of orange);2 tablespoons Dijon mustard;1/4 cup extra-virgin olive oil;3 tablespoons sliced almonds, toasted;2 tablespoons chopped fresh mint leaves       INSTRUCTION:    Heat grill to high. Brush the fennel with olive oil and season with salt and pepper, to taste. Grill for 3 to 4 minutes per side or until slightly charred and almost cooked through. Place fennel on a platter and scatter orange segments over the top. Whisk together the orange juice, zest, mustard, and olive oil in a small bowl. Season with salt and pepper, to taste. Drizzle vinaigrette over the salad. Sprinkle with almonds and mint and serve.",open
Spinach and Lemon Risotto,"4 cups Chuck's veal stock, recipe follows or low-sodium chicken stock;1 onion, finely chopped;1 tablespoon olive oil;2 cups Arborio rice;1/4 cup butter;1 cup grated Kefalotyri cheese;1 cup cubed feta cheese, plus more for garnish;4 cups spinach;Zest and juice of 1 lemon;1 tablespoon canola oil;12 large shrimp, cleaned and de-veined, tail intact;2 tablespoons ouzo;2 tablespoons butter;Sea salt and freshly ground black pepper;1/4 cup finely chopped fresh parsley;8 meaty veal bones;3 tablespoons (45 ml) canola oil;Sea salt and freshly ground black pepper;1 tablespoon (15 ml) tomato paste;1 head garlic;6 carrots;2 onions;4 stalks celery;2 large leeks;4 sprigs fresh thyme;4 sprigs fresh rosemary;4 large sprigs fresh flat-leaf parsley;17 cups water       INSTRUCTION:    In a saucepan, bring the stock to a simmer over medium-low heat.
In a large saucepan, cook the onion in oil over medium-low heat, stirring, until softened, for about 5 minutes. Add rice, stirring until each grain is coated with oil. Add about 3/4 cup simmering stock and cook over medium-high heat, stirring constantly, until the stock is absorbed. Continue adding stock, 3/4 cup at a time, still stirring constantly and letting each batch be absorbed before adding the next, until about 1/2 of the stock is remaining. Reduce the heat to moderate, if necessary to keep the risotto at a simmer. Continue adding the stock in the same manner until the rice is tender and creamy looking but still al dente, about 20 minutes.
Reduce the heat to low, add the butter then the cheeses. Mix well. Add the spinach and the lemon juice and continue mixing. Remove from the heat and keep warm.
In a heavy-bottomed frying pan, heat the canola oil and saute the shrimp for 2 to 3 minutes. Take the pan off the heat and immediately add the ouzo and light it. Let the flame subside. Season the shrimp with salt, and pepper, and set aside.
Garnish each portion of the risotto with grilled shrimp, parsley, lemon zest, and feta cheese.
To make veal stock:
Preheat the oven to 450 degrees F.
Remove meat from bones where possible and cut into 1-inch pieces. If using breast bones, cut apart. In roasting pan, arrange bones and meat in 1 layer, drizzle with oil, season with salt, and pepper and roast in lower part of the oven, stirring half way in between until bones are golden brown, 40 minutes to 1 hour depending on the size of the bones. Add the tomato paste by spooning it over the bones. Add the vegetables and put it in the oven for an additional hour.
Into a large stockpot, add bones, meat, roasted vegetables, herbs, and 16 cups (4 L) water. Discard fat from roasting pan. Place tray back onto the stovetop. Heat on medium for about 1 minute then remove. Immediately add 1/2 cup to 1 cup water to the pan, scraping up brown bits, put the tray back on heat and then add the deglazed liquid to the stockpot. Bring liquid to a tremble, about 190 degrees F, and cook at 190 degrees F (skim froth frequently during first hour of cooking) for 8 hours.
Pour stock in batches through a large fine sieve and discard solids. Skim off fat. (Alternatively, cool stock, uncovered, and chill, covered. Scrape congealed fat from chilled stock.) Gently simmer stock, skimming froth occasionally, until reduced to about 4 cups (1 L), about 1 hour. Cool stock, uncovered, and chill, covered. Stock keeps, covered and chilled, 1 week or, frozen in airtight containers, 3 months. If desired, pour cooled stock into ice-cube trays with 1-ounce cups and freeze. Frozen cubes keep in heavy-duty sealable plastic bags 3 months.",open
Chicken and Quinoa Soup,"1 tablespoon extra-virgin olive oil;1 medium onion, sliced;3 stalks celery, chopped;2 cups roughly chopped carrots;1 teaspoon Cajun seasoning, plus more for topping;1 cup quinoa;1 quart fat-free low-sodium chicken broth;Kosher salt and freshly ground pepper;2 cups chopped broccoli florets;2 1/2 cups shredded rotisserie chicken (white meat only), skin removed;2 tablespoons low-fat sour cream;5W7oYXpk/EQ5CtSgAd7RfevPZS2ojTK       INSTRUCTION:    Heat the olive oil in a large pot over medium-high heat. Add the onion, celery, carrots and Cajun seasoning and cook, stirring occasionally, until the vegetables are slightly soft, about 4 minutes.
Stir in the quinoa, then add the chicken broth, 3 cups water, 1/2 teaspoon salt, and pepper to taste. Partially cover and bring to a simmer, then reduce the heat to medium and cook until the quinoa starts to soften, about 12 minutes. Add the broccoli and cook, uncovered, until just tender, about 5 minutes. Add the chicken and stir to warm through. Season with salt and pepper.
Ladle the soup into bowls. Top with the sour cream and Cajun seasoning to taste.",open
Roasted Potatoes with Dill,"2 pounds small red potatoes, quartered;1/4 cup olive oil;1 teaspoon salt;3 tablespoons snipped fresh dill       INSTRUCTION:    Preheat oven to 425 degrees F.
In a baking pan toss together potatoes, oil, and salt, and roast in middle of oven, stirring occasionally, until potatoes are golden, about 25 minutes. Toss with dill.",open
Beet Salad,"1 1/2 pounds beets, boiled, peeled and thinly sliced;3 tablespoons red wine vinegar;1 teaspoon Dijon mustard;1 teaspoon caraway seeds;1/3 cup olive oil;Salt and pepper;6 radishes, trimmed and thinly sliced;3 scallions, thinly sliced;Green leaf lettuce;3 tablespoons finely chopped parsley;t4OwsE.lMCuZahN7KGjHVUjAUXylM6K       INSTRUCTION:    Place sliced beets in large bowl. In a small bowl, whisk together vinegar, mustard, and caraway seeds. Slowly add oil in a stream and continue whisking. Season with salt and pepper. Pour the dressing over the beets leaving 3 tablespoons of dressing in the small bowl. Add the radishes and scallions to the remaining dressing in the small bowl and toss to coat. Place the lettuce on a platter and top with beets. Sprinkle beets with radishes and scallions. Garnish with parsley.",open
Tuna Provencale,"5 tablespoons extra-virgin olive oil;1 teaspoon ground cumin, plus additional;1 teaspoon fennel seeds, plus additional;1 clove garlic, peeled and chopped;2 sprigs thyme, leaves only;1 lime, zest finely grated;Freshly ground black pepper;2 (1-pound) tuna steaks;2 Texas onions (spring onions), peeled, trimmed, and each cut into 8 wedges;1 bulb fennel, trimmed and cut into 1/4-inch thick slices;2 small zucchini, trimmed and cut into 1/4-inch-thick slices;2 orange baby bell peppers, cored, seeded, deveined, and cut into 1/4-inch thick slices;Salt;12 fava beans, peeled;8 cherry tomatoes, halved;1 seedless orange, peeled and cut in segments;1 lemon, zest finely grated, flesh peeled, and cut in segments;4 sprigs basil, leaves only, washed;2 tablespoons Nicoise olives, pitted;1 tablespoon pistachios;Vegetable oil;Fleur de sel       INSTRUCTION:    Combine 2 tablespoons olive oil, cumin, fennel seeds, garlic, thyme leaves, and lime zest; season, to taste, with pepper. Rub the marinade all over the tuna steaks. Cover and marinate in the refrigerator.
Heat 2 tablespoons olive oil in a large skillet over medium heat. Add the onions, fennel, a pinch of cumin, and a pinch of fennel seeds and cook, stirring, for 5 minutes (don't let the vegetables brown). Add the zucchini and bell peppers, season to taste with salt and pepper, and continue to cook for 5 minutes.
Separately, heat the remaining 1 tablespoon of olive oil in a small skillet over medium heat. Add the fava beans and cook, stirring, for 1 minute. Add the cherry tomatoes, orange segments, lemon zest and segments, half of the basil leaves, olives, and pistachios.
While the vegetables are cooking, heat a grill pan over high heat. Brush the pan with vegetable oil and grill the tuna steaks for 4 minutes on each side for medium rare. Let rest for 5 minutes before cutting each steak into 4 slices.
Divide the vegetables among 4 warm dinner plates. For each plate, top with the remaining basil leaves and put 2 slices of tuna on top of the vegetables. Season the tuna with fleur de sel and spoon the citrus-fava mixture around the plate. Serve immediately.",open
"Georgian Short Ribs of Beef with Beets, Leeks and Horseradish Mashed Potatoes","5 pounds cross cut short ribs;1 tablespoon coriander seed;1 teaspoon cumin seed;1 tablespoon white pepper;10 cloves garlic;1 large onion cut into 4 pieces;2 large carrots (tournee retaining peelings);2 large beets (tournee retaining peelings);2 cups hearty red wine;2 quarts water;2 tablespoon salt;4 medium leeks, cleaned and trimmed;4 ounces sugar;4 ounces lemon juice;12 sprigs fresh coriander;Horseradish Mashed Potatoes, recipe follows;4 large Idaho potatoes, peeled and quartered;4 tablespoons bottled horseradish;4 ounces light cream;4 ounces butter;Bottled horseradish;Salt and Pepper       INSTRUCTION:    In a heavy casserole brown the short ribs well. Add coriander seed, cumin seed, white pepper, garlic, onion, carrot and beet peelings and red wine. Reduce wine to a syrup. Add water and 2 tablespoons of salt. Bring to a boil and simmer 2 to 2 1/2 hours or until fork tender. Skim well. Remove meat and strain broth through a fine chinoise. Remove meat from bones taking care to remove any extra fat. Return liquid to clean casserole and heat. Add leeks, beets, carrots, sugar, lemon juice, salt and pepper to taste. The dish is ready when leeks and beets are tender. Garnish with coriander. Serve with Horseradish Mashed Potatoes.
Bring salted water to boil. Add potatoes and cook until fork tender. Remove from water and mash well. Add heated cream and cold butter, mix and fold well. Add horseradish, salt and pepper to taste.",open
Prime Porterhouse Steak,"2 (2-inch thick) prime porterhouse steaks (about 4 pounds);1 tablespoon olive oil;Coarse salt and freshly ground black pepper       INSTRUCTION:    Place steaks on the heated grill. Brush with olive oil. Season with salt and pepper. For rare steaks, cook 10 to 12 minutes per side.;",open
Baked Eggs with Green Chiles and Capers,"5 tablespoons extra-virgin olive oil;1 cup small-diced onion (about 1 medium onion);1/4 cup capers, drained and rinsed;2 tablespoons minced fresh oregano;1 tablespoon finely minced garlic;1 green serrano chile, finely sliced;Grated zest of 1 orange;One 28-ounce can whole San Marzano tomatoes, drained and roughly chopped;6 ounces San Marzano tomato puree;6 large eggs;1 cup 3/4-inch baked croutons;Ip8xOH7TRsTLsV975Xx3GD5PhlTW8ca;1/2 cup grated Parmigiano-Reggiano       INSTRUCTION:    Watch how to make this recipe.
Preheat the oven to 400 degrees F.
In a medium straight-sided saute pan, heat the olive oil over medium heat. Add the onion and cook until soft, about 5 minutes. Add the capers, oregano, garlic, chile and orange zest. Cook for 3 more minutes. Add the tomatoes and tomato puree. Bring to a slow simmer and cook until thickened, 10 to 15 minutes.
Spoon the tomato mixture into the bottom of a small baking dish. Form 6 small wells to hold the eggs. Crack an egg into each well. Place the croutons around the eggs and finish with the Parmigiano-Reggiano. Bake until the yolks are still soft but the whites are cooked, 8 to 10 minutes.",open
Remoulade,"2 cups mayonnaise;2 tablespoons cornichons or sour gherkins, minced;2 tablespoons capers, minced;1 garlic clove, minced;2 tablespoons chopped parsley;1 tablespoon chopped tarragon;1 teaspoon Dijon mustard;1 anchovy, minced;Dash red pepper sauce       INSTRUCTION:    Mix together all ingredients in a bowl. Refrigerate before serving.
Serve with cold seafood and vegetables.",open
Israeli Couscous with Diced Sweet Potato and Sumac,"2 shallots, finely chopped;1 tablespoon butter;1/2 cup diced sweet potato;1 cup Israeli couscous;1 3/4 cups chicken stock;1/4 teaspoon ground sumac;Salt and freshly cracked pepper, to taste       INSTRUCTION:    In a medium saucepan saute shallots in butter until golden, about 3 to 4 minutes. Add the sweet potato and couscous and continue cooking for 2 more minutes or until they are both golden. Add the stock and spices and bring to a boil. Cover and reduce to low heat. Simmer for about 12 minutes or until liquid is absorbed. Remove from heat and let stand for 5 minutes. Fluff with fork and serve with lamb.",open
Spinach Artichoke Dip,"8 tablespoons (1 stick) butter, plus more for buttering the casserole dish;1/4 cup minced garlic;One 10-ounce bag fresh baby spinach;Kosher salt and freshly ground black pepper;Two 14-ounce cans artichoke hearts, rinsed, drained and quartered;3 tablespoons all-purpose flour;1 1/2 cups whole milk, plus more if needed;One 8-ounce package cream cheese, softened;3/4 cup grated pepper Jack cheese, plus more for topping;1/2 cup crumbled feta;1/2 cup grated Parmesan;DL8kbR9I0paCb2JTjqLnqnPNV0kTMi2;1/4 teaspoon cayenne;Salted Pita Wedges, recipe follows, for serving;6 pita breads;1/2 cup olive oil;1 tablespoon kosher salt       INSTRUCTION:    Watch how to make this recipe.
Preheat the oven to 375 degrees F. Butter a 9-inch round casserole dish.
Melt 3 tablespoons butter in a skillet over medium heat. Add the minced garlic and cook for a couple of minutes. Crank up the heat a bit and throw in the spinach. Stir the spinach around and cook for a couple of minutes until it wilts; season with salt and pepper. Transfer the spinach to a mesh strainer set over a bowl to drain. Set aside.
Melt 2 tablespoons butter in the same skillet, throw in the quartered artichokes and cook over medium-high heat until the artichokes start to get a little color, about 3 minutes. Transfer the artichokes to the strainer with the spinach.
In the same skillet or a different pot, melt the remaining 3 tablespoons butter and whisk in the flour until it makes a paste. Cook over medium-low heat for a minute or 2, then pour in the milk. Stir and cook until slightly thickened, about 3 minutes; splash in more milk if needed. Add the cream cheese, pepper Jack, feta, Parmesan and cayenne and stir until the cheeses are melted and the sauce is smooth. Chop the artichokes and spinach and add them to the sauce. Stir to combine.
Pour the mixture into the prepared casserole dish. Top with extra grated pepper Jack and bake until the cheese is melted and bubbly, about 15 minutes. Serve with the Salted Pita Wedges.
Preheat the oven to 375 degrees F.
Cut the pita breads into 6 wedges each. Lay the wedges on a foil-lined baking sheet and brush both sides generously with the olive oil. Sprinkle both sides with salt, then bake until they're golden brown and crisp, 15 to 18 minutes.",open
Pizza with Fried Calamari (from Al Forno),"Pizza Margherita, recipe follows;5 ounces calamari, tubes and tenticles cleaned;1 cup all-purpose flour;Hot Pepper Infused olive oil, recipe follows;Sliced scallions;6 ounces Pizza Dough, recipe follows;1/4 cup virgin olive oil, for brushing and drizzling;1/2 teaspoon minced fresh garlic;1/2 cup loosely packed shredded fontina;2 tablespoons freshly grated Pecorino Romano;6 tablespoons chopped canned tomatoes, in heavy puree;8 basil leaves;1 tablespoon active dry yeast;6 cups high-gluten flour;2 1/2 teaspoons kosher salt;Extra-virgin olive oil;3 cups olive oil;1/4 cup hot Hungarian paprika;1/4 cup crushed red pepper flakes;3 garlic cloves, peeled and trimmed       INSTRUCTION:    Cut the tubes into rings. Lightly coat the squid with flour and fry 360 degree F oil until golden brown. We make this pizza the same way as the margarita except that the spicy oil is drizzled on instead of just olive oil and then the calamari is placed on top, and garnished with scallions.
Prepare a hot charcoal fire, setting the grill rack 3 to 4 inches above the coals.
On a large, oiled, inverted baking sheet, spread and flatten the pizza dough with your hands into a 10 to 12-inch free-form circle, 1/8-inch thick. Do not make a lip. You may end up with a rectangle rather than a circle; the shape is unimportant, but do take care to maintain an even thickness.
When the fire is hot (when you can hold your hand over the coals for 3 to 4 seconds at a distance of 5 inches), use your fingertips to lift the dough gently by the 2 corners closest to you, and drape in onto the grill. Catch the loose edge on the grill first and slide the remaining dough into place over the fire. Within a minute the dough will puff slightly, the underside will stiffen, and grill marks will appear.
Using tongs, immediately flip the crust over, onto the coolest part of the grill. Quickly brush the grilled surface with olive oil. Scatter the garlic and cheeses over the dough, and spoon dollops of tomato over the cheese. Do not cover the entire surface of the pizza with tomatoes. Finally, drizzle the pizza with 1 to 2 tablespoons of olive oil.
Slide the pizza back toward the hot coals, but not directly over them. Using tongs, rotate the pizza frequently so that different sections receive high heat; check the underside often to see that it is not burning. The pizza is done when the top is bubbly and the cheese melted, about 6 to 8 minutes. Serve at once, topped with the basil leaves and additional olive oil, if desired.
Pizza Dough: Sprinkle the yeast over 1/2 cup warm (105 to 110 degrees F) water and allow it to dissolve and activate, about 5 minutes. Combine the flour and salt and mound it onto a cool work surface creating a high walled well in the center. Combine the yeast mixture with 1 1/2 cups of cool water and pour into the well. Slowly begin to mix the water and flour, a little at a time, moving your fingers in short, counter clockwise circles around the border of the water. When the dough is firm enough to hold it's shape, scrape the remaining flour over it and knead until the mass is smooth and shiny, approximately 7 minutes. Transfer the dough to a bowl that has been brushed with olive oil. Brush the top of the dough with olive oil to prevent a skin from forming, cover the bowl with plastic wrap, and let rise in a warm place away from drafts until doubled in bulk, about 2 hours. Punch down the dough and knead once more. Let the dough rise again for about 40 minutes, punch down again and form dough into 4 balls.
Combine all the ingredients in a heavy saucepan. Bring to a boil, lower the heat to very low, and gently simmer for 10 minutes. Remove from the heat and set aside for 30 minutes so the flavors continue to infuse the oil as it cools
Strain the oil into a clean jar. When it has cooled to room temperature, cover and refrigerate.",open
Pico de Gallo Fruit Salad,"2 medium size jicamas, peeled and sliced;6 white prickly pears, peeled and sliced;4 oranges, peeled and sliced;1 small pineapple. peeled and sliced;Sea salt, to taste;Piquin chile powder, to taste;4 limes, cut in wedges       INSTRUCTION:    Attractively arrange the vegetable and fruit slices on a serving platter. Sprinkle with salt and chile powder to taste. Serve with lime wedges to squeeze over all.",open
Honey-Sriracha Chicken Wings,"2 tablespoons vegetable oil, plus more for the pan;2 pounds chicken wings, split at the joints, tips removed;2 tablespoons unsalted butter, melted;1 teaspoon granulated garlic;Kosher salt and freshly ground pepper;5 tablespoons unsalted butter;1/3 cup honey, plus more for drizzling;1/4 cup Sriracha (Asian chile sauce);1 tablespoon soy sauce;2 teaspoons fresh lime juice       INSTRUCTION:    Preheat the oven to 400 degrees F. Lightly coat a large rimmed baking sheet with vegetable oil. Dry the chicken wings with paper towels and place in a large bowl. In a small bowl, mix 2 tablespoons vegetable oil, the melted butter, granulated garlic, 1 teaspoon salt and 1/2 teaspoon pepper. Pour the mixture over the wings and toss well to coat. Spread the wings in a single layer on the prepared baking sheet.
Bake the wings until browned and crisp, 45 to 55 minutes. Meanwhile, make the sauce: Melt the butter in a small pot over medium heat. Add the honey, Sriracha, soy sauce and lime juice and stir until the mixture bubbles gently. Remove from the heat and set aside.
Carefully remove the wings from the baking sheet and transfer to a large bowl. Pour the warm sauce over the wings and gently toss to coat. Transfer the wings to a serving platter and drizzle with more honey; serve with lime wedges.",open
Tequila Bars,"1 12-ounce box vanilla wafers;1/2 cup pine nuts;3/4 cup unsalted butter (1 1/2 sticks), melted;1/3 cup tequila;1/2 cup fresh lime juice;5 large egg yolks, plus 2 egg whites;1 14-ounce can sweetened condensed milk;1 tablespoon sugar;EzdYe5Whds4iscT4kAjyoVeR3dbF6dW       INSTRUCTION:    Preheat the oven to 350 degrees. Pulse the wafers and pine nuts in a food processor until well ground up. Add the butter and blend until evenly mixed. Set aside 1/4 cup of crumbs. Press the remaining crumb mixture evenly into a 9-by-13 shallow baking pan; bake until golden brown, 15 to 18 minutes. Cool.
In a medium bowl, thoroughly whisk together the tequila, lime juice, egg yolks and condensed milk.
In another medium bowl, beat the egg whites and sugar with an electric mixer until they hold soft peaks. Gently fold the egg whites into the tequila mixture. Spread the filling evenly over the crust and bake for 25 minutes; cool. Sprinkle the reserved crumbs on top. Chill in the fridge for 2 hours or overnight before cutting into bars.",open
Strawberry Jam,"5 cups hulled and mashed strawberries;4 tablespoons fresh lemon juice, strained;One 49-gram package powdered fruit pectin;7 cups sugar;jjt6JrPO3eLYOFzkTtLLplWqq6/qgIq       INSTRUCTION:    Watch how to make this recipe.
Special equipment: Large canning pot (large enough to completely submerge the jars in water), Canning tongs, Eight 8-ounce mason jars with lids and screw-on rings, Wide-mouth canning funnel, Canning rack to go inside the pot
Place the mason jars in a large hot water bath canner (or pot). Cover with water and bring to a simmer. Simmer the center lids in separate saucepan full of water.
Place the mashed strawberries and lemon juice in a separate pot. Stir in the pectin until dissolved. Bring the strawberries to a strong boil.
Add the sugar (measure beforehand so you can add it all at once), and then return the mixture to a full (violent) boil that can't be stirred down. Boil hard for 1 minute 15 seconds. Skim foam off the top.
Remove one jar at a time from the simmering water. Pour water back into the pot. Using a wide-mouth funnel, fill each jar with jam, being careful to keep the liquid/fruit ratio consistent. Fill the jars so that they have 1/4-inch of space at the top. Run a knife down the side of the jar to get rid of air bubbles. Wipe the rim of the jar with a wet cloth to remove any residue or stickiness.
Remove the center lid from the simmering water and position it on top. Put screw bands on jars, but do not over tighten! Repeat with all the jars, and then place the jars on a canning rack and lower into the water. Place the lid on the canner, and then bring the water to a full boil. Boil hard for 10 to 12 minutes.
Turn off the heat and allow the jars to remain in the hot water for an addition 5 minutes. Remove the jars from the water using a jar lifter, and allow them to sit undisturbed for 24 hours.
After 24 hours, remove the screw bands and check the seal of the jars. The center lids should have no give whatsoever. If any seals are compromised, store those jars in the fridge. Otherwise, fill your pantry with your newly canned goodness.",open
Deano's Dragon Breath Bombs,"3 tablespoons butter or margarine, plus more for greasing the pan;One 10-ounce bag marshmallows or 4 cups mini marshmallows;6 cups puffed rice cereal;1/2 cup chocolate chips;Rainbow sprinkles, for topping;Liquid nitrogen;rkaa30kHv/AxCOVEjvLEL8AtLGeJHfy       INSTRUCTION:    Special equipment: Safety goggles, work gloves or oven mitts, large stainless steel bowl, metal or plastic jug for liquid nitrogen, large slotted spoon, kitchen towel
Grease a 9- by 11-inch baking pan with butter.
Melt the butter in a large pot over medium heat. Add the marshmallows, and stir until melted and smooth. Add the cereal and mix well. Working quickly, add the chocolate chips. (Depending on the temperature of the crispy mix, your chips may melt and you'll have chocolate crispy squares. If you add them as the mixture gets stiff and cool, they'll stay intact as chips. It's completely up to you.)
Spread the mixture out evenly into the greased pan with an oiled spatula or waxed paper, pressing down gently to fit it into the pan. Dust the top with rainbow sprinkles and refrigerate. When cool, cut into 1-inch squares.
Pour 2 to 3 inches of liquid nitrogen very slowly into a stainless steel bowl. Make sure to wear your goggles and gloves!
Drop 8 to 10 crispy squares into the liquid nitrogen for 30 to 40 seconds. Scoop them out with a slotted spoon and place on a serving plate. Wait 10 seconds then eat the squares. You will have some 'dragon's breath' coming out of your mouth and nose. Thrills and chills will ensue!",open
Caribbean Jerk Chicken Wings,"2 cups store bought mustard-based BBQ sauce (recommended: Cattleman's Gold Sauce);2 tablespoons soy sauce;1 (6-ounce) can crushed pineapple;Salt and pepper;1/3 cup brown sugar;1 teaspoon ground ginger;Store bought jerk seasoning;18 chicken wings       INSTRUCTION:    Preheat grill to medium-high.
Prepare sauce by combining all ingredients together in a saucepan over medium heat. Cook until heated through.
Rub jerk seasoning into chicken wings. Grill for 10 to 12 minutes or until cooked through. Brush generously with sauce and serve.",open
Open-Faced Crab Ravioli with Tomato Shrimp Coulis,"1 sheet of 8-inch by 11-inch pasta;5 tablespoons butter;7 ounces Maine crabmeat (preferably leg meat);6 stalks of finely chopped chives;Salt and pepper;3 large beefsteak tomatoes, very ripe;1 ounce garlic, sliced thin;1 ounce shallot, sliced thin;1 ounce garlic oil;1 tablespoon butter;1 tablespoon tomato paste;1 sachet with 2 basil stems, 1 thyme sprig, 1 tarragon stem, 4 coriander seeds, 4 white peppercorns;2 ounces fine sugar;Salt and pepper;6 small shrimp, peeled and deveined       INSTRUCTION:    Gently blanch the sheets of pasta in a large pot of salted, boiling water for 60 seconds, then shock in ice water. Cut out 6 circles with a circular cookie cutter, approximately 2 1/2 inches in diameter. Lay out on oiled parchment paper and reserve.
Gently melt the butter in a small saucepan. Add the crabmeat and gently fold into butter. Add chives and season with salt and pepper
Tomato Coulis with Fresh Shrimp: 3 large beefsteak tomatoes, very ripe 1 ounce garlic, sliced thin 1 ounce shallot, sliced thin 1 ounce garlic oil 1 tablespoon butter 1 tablespoon tomato paste 1 sachet with 2 basil stems, 1 thyme sprig, 1 tarragon stem, 4 coriander seeds, 4 white peppercorns 2 ounces fine sugar Salt and pepper 6 small shrimp, peeled and deveined;",open
Cocoa Syrup,"1 1/2 cups water;3 cups sugar;1 1/2 cups Dutch-processed cocoa;1 tablespoon vanilla extract;1/4 teaspoon kosher salt;2 tablespoons light corn syrup;mulw6ISZ8MtgOdiNNngOPjdu1nlW6ge       INSTRUCTION:    Watch how to make this recipe.
In a small pot, bring water and sugar to a boil and whisk in cocoa, vanilla, salt, and corn syrup. Whisk until all of the solids have dissolved. Reduce sauce until slightly thickened. Strain and cool to room temperature. Pour into squeeze bottles. Squeeze into cold milk and stir for delicious chocolate milk or serve on your favorite ice cream. And, hey, it's fat free!",open
Pasta with Pancetta and Lentils,"Kosher salt;12 ounces bucatini or spaghetti;2 tablespoons olive oil, plus more for drizzling;1/2 cup finely chopped pancetta (about 2 ounces);1/2 cup finely chopped onion;4 cloves garlic, thinly sliced;1/2 teaspoon red pepper flakes;1 14-ounce can lentils, drained;1 28-ounce can whole plum tomatoes, crushed by hand;8 basil leaves, roughly chopped, plus more for topping;1/2 cup grated parmesan;uHc8UOkFhFUtLuUzdWUwYvfNq1zWi1G       INSTRUCTION:    Bring a large pot of salted water to a boil. Add the pasta and cook as the label directs; drain.
Meanwhile, heat the olive oil in a large skillet over medium heat. Add the pancetta and cook, stirring occasionally, until crisp, about 7 minutes. Add the onion and cook until soft, about 2 minutes. Add the garlic and red pepper flakes and cook, stirring, until the garlic begins to brown, about 2 minutes. Stir in the lentils, then add the tomatoes, 2 cups water, the basil and 1/2 teaspoon salt. Increase the heat to medium high and bring the sauce to a boil; cook 3 minutes. Reduce the heat to medium low and simmer, stirring occasionally, until slightly thickened, about 10 minutes.
Add the pasta to the sauce along with half of the parmesan. Season with salt and toss. Divide among bowls; drizzle with olive oil and top with the remaining parmesan and more basil.
Photograph by Antonis Achilleos",open
Soppressata Pizzas,"1 1/2 teaspoons active dry yeast;1 tablespoon sugar;1 tablespoon extra-virgin olive oil, plus more for brushing;5 to 5 1/2 cups all-purpose flour, plus more for dusting;Kosher salt;1 28-ounce can whole peeled San Marzano tomatoes;2 tablespoons extra-virgin olive oil;5 cloves garlic, smashed;Kosher salt;1 teaspoon dried oregano;1 pound fresh mozzarella, sliced;jbh6On9Vu7pUPNaYgvVA1RLfwBQFvHW;1/2 cup grated parmesan cheese;1/2 cup pickled sweet cherry peppers, seeded and sliced;4 ounces sliced hot soppressata, cut into strips;1 small head radicchio, sliced;Extra-virgin olive oil, for drizzling;Dried oregano, for sprinkling       INSTRUCTION:    Make the dough: Put 2 1/4 cups warm (100 degrees F) water in a large measuring cup; stir in the yeast to dissolve, then stir in the sugar and olive oil. Let stand until bubbly, 3 to 5 minutes. Combine 5 cups flour and 2 teaspoons salt in a stand mixer fitted with the paddle attachment. Add the yeast mixture and mix on medium-low speed, adding a little more flour or water, if needed, until a rough, sticky ball of dough forms, about 1 minute. Let rest 5 minutes, then mix on medium low until no longer sticky, about 1 more minute. Transfer the dough to an oiled surface and knead with oiled hands until smooth, about 10 times. Let rest 5 minutes, then knead briefly again and transfer to an oiled bowl. Cover with plastic wrap; refrigerate at least 8 hours or overnight. Divide the dough into 4 balls, dust with flour and cover loosely with plastic wrap. Let sit at room temperature 2 hours before making the pizzas.
Make the sauce: Crush the tomatoes in a bowl using your hands. Stir in the olive oil, garlic, 1 1/2 teaspoons salt and the oregano. Cover and let stand 2 hours. Position a pizza stone or inverted baking sheet on the lowest oven rack; preheat to 500 degrees F for at least 30 minutes. Stretch each ball of dough into a 12-to-14-inch round on individual sheets of parchment paper. Let rest 15 minutes. Remove and discard the garlic from the sauce. Spread a thin layer of sauce on each pizza, leaving a border. Top with one-quarter each of the mozzarella, parmesan, cherry peppers, soppressata and radicchio; drizzle with olive oil. Slide 1 pizza (on the parchment) onto a pizza peel or another inverted baking sheet, then slide onto the hot stone in the oven. Bake until the crust browns, 12 to 15 minutes. Top with oregano. Repeat to make 3 more pizzas. Photograph by Con Poulos",open
Coconut Cupcakes with Whipped Coconut Mousse Filling and Coconut Buttercream,"2 cups granulated sugar;2 sticks unsalted butter, at room temperature;4 large whole eggs;2 teaspoons coconut extract;2 1/2 cups all-purpose flour;4 teaspoons baking powder;1 teaspoon salt;1 cup half-and-half;1 cup flake coconut;1 cup heavy cream;1 cup half-and-half;pkNtENpEwnlk2lZFDRe9u6zusdWBuYm;2 teaspoons coconut extract;1 package (4 serving size) instant vanilla pudding mix;1 cup flake coconut;2 sticks unsalted butter, at room temperature;2 pounds powdered sugar;1 teaspoon coconut extract;1/4 cup half-and-half, plus more for thinning frosting if needed;Flake or toasted coconut, for garnish       INSTRUCTION:    For the cupcakes: Preheat the convection oven to 325 degrees F or a standard oven to 350 degrees F.
In large mixer bowl, cream together the granulated sugar and butter until light and fluffy with a heavy duty mixer. Add the eggs, one at a time, and mix thoroughly after each addition. Add the coconut extract and mix well. Combine the flour, baking soda and salt. Add half of the flour to the mixer bowl along with 1/2 cup of the half-and-half. Mix until the flour is mixed in, scraping the sides of the bowl with a rubber spatula. Add the rest of flour mixture and the other 1/2 cup half-and-half. Mix until the batter is smooth and all of the flour lumps are gone. Fold in the coconut flakes.
Fill 24 cupcake liners half full and bake for 20 minutes in the convection oven or 28 minutes in the standard oven. The tops of the cupcakes should be lightly browned. Check the cupcakes to make sure no batter sticks to a wooden toothpick when inserted into the cupcake. Cool the cupcakes completely.
For the mousse filling: In large mixer bowl, beat the heavy cream, half-and-half, coconut extract and pudding mix until light and fluffy using a heavy duty mixer. It should have the consistency of whipped cream. Gently fold in the coconut using a plastic spatula. Put the filling in a pastry bag or zipper bag with a corner cut off.
For the coconut buttercream: In large mixer bowl, beat together the butter and half of the powdered sugar using heavy duty mixer. Add the half-and-half and the rest of the powdered sugar, along with the coconut extract, and mix well. If the frosting is thicker than you would like, add 1 teaspoon of additional half-and-half at a time, mixing well after each addition, until the frosting reaches the correct consistency. The thickness may depend on the humidity levels in your region. Put into a pastry bag.
To assemble: Make a hole in the middle of each cupcake using a sharp knife. Be sure and leave a small amount of cake in the bottom of the hole. Fill the cupcakes with the mousse filling. Frost with coconut buttercream. You may top the cupcakes with more flake coconut or toasted coconut as desired.
Serve immediately or chill until ready to serve.",open
Muesli Parfaits,"1/4 cup unsalted almonds;1/4 cup unsalted walnuts;1 cup nonfat plain yogurt;1 cup nonfat milk;2 tablespoons honey;1 cup rolled oats;1/4 teaspoon vanilla extract;2 cups mixed berries, fresh or frozen (strawberries sliced);PTzUizQfWGeYl2k6drxB3veWYskSnpi       INSTRUCTION:    Toast the nuts in a dry skillet over a medium-high heat until golden and fragrant, about 3 minutes. Chop them coarsely then set aside. In a medium bowl, stir together the yogurt, milk, honey, oats, and vanilla. Divide the oat mixture evenly among 4 small dishes or parfait glasses. Top each with a half cup of berries, then 2 tablespoons of nuts. Cover tightly and refrigerate overnight.
Excellent source of: Protein, Fiber, Vitamin C, Calcium, Manganese
Good source of: Riboflavin, Copper, Iodine, Iron, Magnesium, Phosphorus.",open
Turkey Kofte with Apple Raita and Spinach,"6 tablespoons olive oil;3 tablespoons tomato paste;1 small red onion, finely grated;3 cloves garlic, finely chopped;1 teaspoon ground cumin;1/2 teaspoon ground cinnamon;1/2 teaspoon allspice;1/4 teaspoon cayenne powder;Salt;Freshly ground black pepper;1 1/2 pounds ground turkey, 90 percent lean;V9GclU34nPKf7qewnPjaw5aeXmXh1Ay;1/4 cup finely chopped flat-leaf parsley;1 lemon, juiced;1/2 pound baby spinach, washed and dried;Pita bread, lightly toasted;1 small red onion, halved and thinly sliced;1 cup Greek yogurt;1 Granny Smith apple, cored and finely diced;1/2 teaspoon kosher salt;Pinch ground cinnamon;Pinch cayenne pepper       INSTRUCTION:    Watch how to make this recipe.
Whisk together 2 tablespoons of the oil, tomato paste, onion, garlic, cumin, cinnamon, allspice, cayenne, and salt and pepper in a large bowl. Add the turkey and parsley and using your hands, gently mix until combined. Cover the mixture and refrigerate for at least 1 hour to allow the flavors meld. Can be made 8 hours in advance and refrigerated.
Heat the grill to high.
Divide the mixture into 12 equal portions and roll into balls. Gently press down on the top of each patty to flatten slightly. Brush the patties on both sides with 2 tablespoons oil and season with salt and pepper.
Grill the kofte until golden brown on both sides and cooked through, about 3 minutes per side.
Whisk together the lemon juice and remaining 2 tablespoons of oil in a large bowl and season with salt and pepper. Add the spinach and toss to lightly coat the leaves in the dressing. Fill each pita with 3 of the patties, top with spinach, red onions and raita. Place a patty Transfer the spinach to a platter and arrange the kofte on top of the leaves. Top each patty with some of the raita.
Stir together the yogurt, apple, salt, cinnamon and cayenne in a small bowl. Cover and refrigerate for at least 30 minutes to allow flavors to meld.",open
Soft Sugar Cookies,"2 1/2 cups all-purpose flour;1/4 teaspoon baking powder;1/4 teaspoon fine salt;1 cup sugar, plus more (about 1/3 cup) for rolling;1 1/2 sticks (3/4 cup) unsalted butter, cut into small pieces, at room temperature;2 large eggs, beaten;1 teaspoon pure vanilla extract;IjRO/EAfv5mDDLncf7gIpzk82xQ1JvG       INSTRUCTION:    Whisk together the flour, baking powder and salt in a small bowl.
Beat the sugar and butter with an electric mixer on medium speed in a large bowl until light and fluffy, about 5 minutes. Beat in the eggs and then the vanilla. Add the flour mixture and beat on medium-low speed until completely incorporated. Scoop out heaping tablespoonfuls of the dough, roll with your hands into balls and refrigerate until firm, about 30 minutes.
Position oven racks in the top and bottom thirds of the oven and preheat to 350 degrees F. Line 2 baking sheets with parchment paper.
Put some sugar in a small bowl. Roll the chilled dough balls in the sugar and arrange on the prepared baking sheets about 2 inches apart.
Bake until the bottoms and edges are just barely golden and the tops are no longer glossy, 14 to 16 minutes, rotating the baking sheets about halfway through. Let the cookies cool on the sheets for a few minutes, then transfer them to a wire rack to cool completely. The cookies can be stored in an airtight container at room temperature for up to 3 days.",open
Vinny's Spaghetti Pie,"1/2 cup milk;1/4 cup Parmesan;1/2 teaspoon fine salt;1/2 teaspoon freshly ground black pepper;Pinch freshly chopped parsley leaves;4 eggs;Olive oil, as needed;1/4 clove garlic, cut into razor thin slices;1/2 pound leftover cooked spaghetti (with tomato sauce clinging to it)       INSTRUCTION:    Whisk together the milk, Parmesan, salt, pepper, parsley, and eggs.
Heat a large skillet over medium heat and add a little olive oil. Add the garlic and cook, stirring, until fragrant. Add the leftover spaghetti, pour over the egg mixture, and cook, without stirring, until the bottom is browned, about 5 minutes.
To flip the pie, set a plate the size of the skillet on top. Invert the skillet so the pie falls on to the plate. Invert the pie onto another plate, cooked-side up. Return the skillet to the medium-high heat, add a little more oil, and slip in the pie. Continue cooking until the bottom is browned, about 5 minutes more.
Transfer the pie to a plate, cut into wedges, and serve.",open
Sauteed Mixed Vegetables,"2 carrots, peeled and sliced on the bias;25 sugar snaps, trimmed;1/4 cup canola oil;10 black mushrooms, sliced;5 dried black mushrooms, soaked in warm water until soft;1 bok choy cabbage, sliced;Salt and white pepper to taste;1 teaspoon cornstarch dissolved in 1 tablespoon water;2 teaspoons oyster sauce;1 teaspoon sesame oil       INSTRUCTION:    Blanch the carrots and sugar snaps in boiling water, 2 to 3 minutes, until tender but still crisp, drain. In a wok over high heat, heat canola oil, add mushrooms and stir. Add carrots and sugar snaps, and stir for 2 minutes. Lower the heat and add cabbage, salt and pepper. Sitr in cornstarch slurry, oyster sauce and sesame oil;",open
Pork Tenderloin with Mushroom Stuffing and Pan-Seared Onion and Apples,"2 tablespoons butter;2 tablespoons vegetable oil;4 cups finely diced mushrooms;3/4 cup finely chopped onions or shallots;1 apple (unpeeled), diced;1 carrot, finely chopped;2 cups coarse fresh bread crumbs;1/3 cups chopped fresh parsley;1 tablespoons chopped fresh thyme;1/4 teaspoon, crumbled dried sage;1/4 teaspoon salt;1/4 teaspoon pepper;3 boneless pork tenderloins (12 ounces each);1/4 cup Dijon mustard;1 apple, (unpeeled), thinly sliced;6 fresh thyme sprigs;Pan-Seared Onion and Apples, recipe follows;3 large apples;1 large red onion;3 tablespoons vegetable oil       INSTRUCTION:    In a large skillet, heat butter with oil over medium-high heat. Cook mushrooms and onions, stirring occasionally, for about 8 minutes or until liquid is evaporated. Add apple and carrot, cook for 1 minute. Remove from heat. Add bread crumbs, parsley, thyme, sage, salt, pepper. Combine well. Set aside. Cut each tenderloin lengthwise halfway through and open like a book. Place between plastic wrap or waxed paper. Using a meat pounder or rolling pin, pound to generous 1/4-inch thickness. Cut about 7 pieces of kitchen string into 15-inch lengths. Arrange crosswise about 11/2 inches apart in lightly greased roasting pan. Place 1 piece of meat in strings. With hands, press half of the stuffing over meat to cover surface. Top with second piece of meat, placing wide end over thin end of first piece. Tuck thin ends under and press firmly in place. Top with remaining stuffing and meat. Tie strings around roast, trimming any excess. Spread mustard all over roast. Arrange apple slices in lengthwise row on top, sprinkle with salt and pepper. Arrange thyme sprigs over top. Place in preheated 400 degree oven, reduce heat heat to 350 degree. Roast for 1 1/4 to 1 3/4 hours or until meat thermometer registers 160 degrees. Transfer to cutting board and cover with foil. Let stand for 10 minutes. Slice roast and arrange on platter, surround with Pan-Seared Onion and Apples.
Cut uncored apples crosswise into scant 1/2-inch thick slices. Discard ends. Repeat with onion. In large skillet, heat 1/2 of the oil over medium heat. Sear apples and onion for 1 to 2 minutes per side or until browned, adding more oil if necessary.",open
Cherry and Snow Pea Sprout Salad,"Small handful snow pea sprouts;1 red radish, finely sliced;6 fresh cherries, pitted and halved;6 slivers preserved lemon, julienne;10 rocket leaves;3 tablespoons verjuice vinaigrette;0kUZOl8g11BB8fOmzz0CheoObpE3mX.       INSTRUCTION:    In medium bowl, combine all ingredients with vinaigrette.",open
